SMILES,InChIKey,AromaticRingCount,HBondDonorCount,HBondAcceptorCount,FractionCarbonSP3,HeteroatomCount,HeterocycleCount,RotatableBondCount,MolecularMass,DegreeOfUnsaturation,MinEllipsoidLength,MaxDistance,LongestPiChain,LinkerLength,MaxAbsorbanceWavelength,MaxAbsorbanceWavelength_1,MolecularMass,MaxAbsorbanceWavelength
CC1=C/C(=C(/c2cc(C)c([O-])c(C(=O)[O-])c2)c2ccccc2S(=O)(=O)O)C=C(C(=O)[O-])C1=O,KXOWVZNVTQLQPD-XMHGGMMESA-K,2,1,8,0.086956522,10,0,5,467,18,97,11,10,2,500.5029863,501,467,500.5029863
CC1=CC(=C(c2cc(C)c([O-])c(C(=O)[O-])c2)c2ccccc2S(=O)(=O)O)C=C(C(=O)[O-])C1=O,KXOWVZNVTQLQPD-UHFFFAOYSA-K,2,1,8,0.086956522,10,0,5,467,18,83,11,10,2,480.1956869,480,467,480.1956869
CCN1C(=CC=CC2=[N+](CC)c3ccc(S(=O)(=O)[O-])cc3C2(C)C)C(C)(C)c2cc(S(=O)(=O)[O-])ccc21,RHCLJBKXGJHOCN-UHFFFAOYSA-M,2,0,7,0.37037037,10,2,6,544,14,362,19,14,4,572.2782521,572,544,572.2782521
C#CCN=C(O)CCCCC[N+]1=C(C=CC=CC=C2N(C)c3ccc(S(=O)(=O)O)cc3C2(C)C)C(C)(C)c2cc(S(=O)(=O)[O-])ccc21,OMSGSPNJNVQTSN-UHFFFAOYSA-N,2,2,7,0.371428571,12,2,12,680,17,886,22,16,6,681.1854749,681,680,681.1854749
CC1(C)C(C=CC2=C(NCCCN=[N+]=[N-])/C(=C/C=C3/N(CCCCS(=O)(=O)[O-])c4ccccc4C3(C)C)CC2)=[N+](CCCCS(=O)(=O)O)c2ccccc21,XEWMTEFQJKJRAZ-TXRIKVQFSA-N,2,2,8,0.475,14,2,18,777,18,495,21,18,3,705.9428046,706,777,705.9428046
C#CCNC1=C(C=CC2=[N+](CCCCS(=O)(=O)O)c3ccccc3C2(C)C)CC/C1=C\C=C1\N(CCCCS(=O)(=O)[O-])c2ccccc2C1(C)C,YNKZQYLIDKIPBB-GBYGALLISA-N,2,2,7,0.425,11,2,15,732,18,549,20,18,3,712.6271625,713,732,712.6271625
CC1(C)C(=CC=CC=CC2=[N+](CCCS(=O)(=O)[O-])c3ccc(S(=O)(=O)[O-])cc3C2(C)C)N(CCCCCC([O-])=NCCCN=[N+]=[N-])c2ccc(S(=O)(=O)O)cc21,DUWZWZJMKCNGSI-UHFFFAOYSA-L,2,1,12,0.459459459,19,2,19,831,19,1317,25,16,6,676.9404449,677,831,676.9404449
CCN1C(=CC=CC=CC2=[N+](CCCCCC(=O)[O-])c3ccc(S(=O)(=O)[O-])cc3C2(C)C)C(C)(C)c2cc(S(=O)(=O)O)ccc21,HPICMEGAGMPYID-UHFFFAOYSA-M,2,1,8,0.393939394,12,2,12,656,16,724,21,16,6,683.7698457,684,656,683.7698457
c1ccc(Oc2c3c(cc4ccccc24)C2=NC3=NC3(Oc4ccccc4)N=C(N=C4N=C(c5c4c(Oc4ccccc4)c4ccccc4c5Oc4ccccc4)N(Oc4ccccc4)C4=NC(=N2)c2cc5ccccc5c(Oc5ccccc5)c24)c2c3c(Oc3ccccc3)c3ccccc3c2Oc2ccccc2)cc1,CUMJCHXGZQIUNU-UHFFFAOYSA-N,16,0,16,0.010416667,16,5,16,1452,72,266,20,26,2,625.6473514,626,1452,625.6473514
CC1(C)C(=CC=CC=CC2=[N+](CCCCCC(=O)ON3C(=O)CCC3=O)c3ccc(S(=O)(=O)[O-])cc3C2(C)C)N(CCCCCC(=O)ON2C(=O)CCC2=O)c2ccc(S(=O)(=O)[O-])cc21,MGIODCZGPVDROX-UHFFFAOYSA-M,2,0,15,0.444444444,20,4,19,936,23,1292,25,16,6,663.3227079,663,936,663.3227079
CC1(C)C(=CC=CC=CC2=[N+](CCCS(=O)(=O)[O-])c3ccccc3C2(C)C)N(CCCCCC(=O)ON2C(=O)CCC2=O)c2ccccc21,ULMQWLBXZOBKDA-UHFFFAOYSA-N,2,0,8,0.421052632,11,3,14,688,18,727,19,16,6,668.4719456,668,688,668.4719456
C#CCN=C([O-])CCCCCN1C(=CC=C2C=C(C=CC3=[N+](C)c4ccccc4C3(C)C)CCC2)C(C)(C)c2ccccc21,ODTCCTFHIJRHRC-UHFFFAOYSA-N,2,0,3,0.4,4,2,10,586,19,664,21,18,3,716.1712217,716,586,716.1712217
CC1(C)C(=CC=CC=CC2=[N+](CCCS(=O)(=O)[O-])c3ccc(S(=O)(=O)[O-])cc3C2(C)C)N(CCCCCC(=O)ON2C(=O)CCC2=O)c2ccc(S(=O)(=O)[O-])cc21,MBAJQBXOZFYCPR-UHFFFAOYSA-L,2,0,14,0.421052632,19,3,16,846,20,567,21,16,6,684.8310363,685,846,684.8310363
CCN1C(=CC=C2CCCC(C=CC3=[N+](CC)c4ccc5ccccc5c4C3(C)C)=C2Cl)C(C)(C)c2c1ccc1ccccc21,OYVKEIIHSIVUMC-UHFFFAOYSA-N,4,0,1,0.30952381,3,2,5,612,21,930,21,22,3,795.550641,796,612,795.550641
C#CCN=C(O)CCCCCN1C(=CC=CC2=[N+](C)c3ccccc3C2(C)C)C(C)(C)c2ccccc21,ZAEMCWBMKGHPLO-UHFFFAOYSA-O,2,1,2,0.393939394,4,2,9,495,15,373,17,14,4,530.8532207,531,495,530.8532207
C[N+]1=C(C=CC=C2N(CCCCCC(O)=NCCCN=[N+]=N)c3ccc(S(=O)(=O)O)cc3C2(C)C)C(C)(C)c2cc(S(=O)(=O)O)ccc21,GYJILUBNEARHAE-UHFFFAOYSA-P,2,4,8,0.454545455,15,2,14,701,14,599,19,14,4,556.7925402,557,701,556.7925402
CC1(C)C(=CC=CC=CC2=[N+](CCCS(=O)(=O)[O-])c3ccc(S(=O)(=O)[O-])cc3C2(C)C)N(CCCCCC(=O)[O-])c2ccc(S(=O)(=O)O)cc21,KPBQEJDRGQDEFF-UHFFFAOYSA-L,2,1,11,0.411764706,16,2,15,749,17,257,20,16,6,692.2812794,692,749,692.2812794
CN(C)c1ccc(C(=C2C=CC(=[N+](C)C)C=C2)c2ccc(N(C)Cc3cccc(S(=O)(=O)[O-])c3)cc2)cc1S(=O)(=O)[O-],DCTXQQVUQIODBO-UHFFFAOYSA-M,3,0,8,0.193548387,11,0,8,607,18,527,19,10,2,622.9273233,623,607,622.9273233
C[N+]1=C(C=CC=C2N(CCCCC(O)=NCCOCCOCCNCCO[C@H]3OC(CO)[C@@H](O)[C@H](O)C3O)c3ccccc3C2(C)C)C(C)(C)c2ccccc21,SSFADTFCQMBTSO-IHRPVSEJSA-O,2,6,11,0.581395349,13,3,21,780,14,1601,28,14,4,547.9560321,548,780,547.9560321
CC1(C)C(=CC=CC2=[N+](CCCCCC(=O)ON3C(=O)CCC3=O)c3ccc(S(=O)(=O)[O-])cc3C2(C)C)N(CCCCCC(=O)ON2C(=O)CCC2=O)c2ccc(S(=O)(=O)[O-])cc21,OHOQEZWSNFNUSY-UHFFFAOYSA-M,2,0,15,0.465116279,20,4,18,910,22,400,20,14,4,568.9451784,569,910,568.9451784
CC1(C)C(=CC=CC2=[N+](CCCCCC(=O)ON3C(=O)CCC3=O)c3ccccc3C2(C)C)N(CCCS(=O)(=O)[O-])c2ccccc21,LMCRIEMWRAZMSJ-UHFFFAOYSA-N,2,0,8,0.444444444,11,3,13,662,17,406,20,14,4,560.1943444,560,662,560.1943444
C#CCN=C(O)CCCCCN1C(=CC=C2C=C(C=CC3=[N+](C)c4ccc(S(=O)(=O)O)cc4C3(C)C)CCC2)C(C)(C)c2cc(S(=O)(=O)[O-])ccc21,MUENJVFYRXNHST-UHFFFAOYSA-N,2,2,7,0.4,12,2,12,746,19,684,24,18,3,751.1497379,751,746,751.1497379
CC1(C)C(=CC=CC2=[N+](CCCCS(=O)(=O)O)c3ccc([As]4SCCS4)cc3C2(C)C)N(CCCCS(=O)(=O)[O-])c2ccc([As]3SCCS3)cc21,UDHHTMYURAAYGN-UHFFFAOYSA-N,2,1,10,0.514285714,16,4,14,933,15,697,22,14,4,589.7724291,590,933,589.7724291
CC1(C)Oc2cc3c4c(c2O1)OC(C)(C)Oc1c2c(c5c6c1C1=NC6=NC6=NC(=Nc7c8ccccc8c(n7OC(C)(C)O5)NC3=NC4=N1)c1ccccc16)OC(C)(C)O2,SPGPMYDFYZWQDY-UHFFFAOYSA-N,5,1,16,0.272727273,16,9,0,803,32,243,18,14,0,637.609707,638,803,637.609707
CC1(C)C(=CC=CC=CC2=[N+](CCCCS(=O)(=O)[O-])c3ccc([As]4SCCS4)cc3C2(C)C)N(CCCCS(=O)(=O)O)c2ccc([As]3SCCS3)cc21,QIWUAZYHUQBKNR-UHFFFAOYSA-N,2,1,10,0.486486486,16,4,15,959,16,947,23,16,6,677.4681449,677,959,677.4681449
CC1(C)C(=CC=CC=CC2=[N+](CCCS(=O)(=O)[O-])c3ccc(S(=O)(=O)[O-])cc3C2(C)C)N(CCCCCC([O-])=NCCCCCCN2C(=O)C=CC2=O)c2ccc(S(=O)(=O)[O-])cc21,ABCCZQUSYBNXBH-UHFFFAOYSA-K,2,0,14,0.454545455,19,3,22,926,22,1294,26,16,6,660.2468485,660,926,660.2468485
C[N+]1=C(C=CC=C2N(CCCS(=O)(=O)O)c3ccc(S(=O)(=O)[O-])cc3C2(C)C)C(C)(C)c2cc(N=C([O-])CCl)ccc21,IMJHPLNUVXYGKB-UHFFFAOYSA-M,2,1,8,0.379310345,13,2,9,635,15,783,19,17,4,612.1609741,612,635,612.1609741
Cc1cc(-c2ccc(N=Nc3c(S(=O)(=O)O)cc4cc(S(=O)(=O)O)cc(N)c4c3O)c(C)c2)ccc1N=Nc1ccc2c(S(=O)(=O)O)ccc(N)c2c1O,AICLBRRCLVJTST-UHFFFAOYSA-N,6,7,14,0.058823529,20,0,8,793,24,1172,23,23,3,439.41754,439,793,439.41754
CC1(C)C(=CC=CC2=[N+](CCCCCCON3C(=O)CCC3=O)c3ccc(S(=O)(=O)O)cc3C2(C)C)N(CCCCCCON2C(=O)CCC2=O)c2ccc(S(=O)(=O)[O-])cc21,DUPPOWTYYIIKOJ-UHFFFAOYSA-N,2,1,12,0.511627907,18,4,20,883,19,1222,24,14,4,580.4517137,580,883,580.4517137
C[N+]1=C(C=CC=C2N(CCCCCC(O)=NCCN3C(=O)C=CC3=O)c3ccc(S(=O)(=O)[O-])cc3C2(C)C)C(C)(C)c2cc(S(=O)(=O)O)ccc21,LOVTXMZOYVAEPC-UHFFFAOYSA-N,2,2,9,0.388888889,15,3,13,739,18,610,22,14,4,555.6823557,556,739,555.6823557
CC(C)N1C=CC(=Cc2ccc3ccccc3[n+]2C(C)C)c2ccccc21,TYFOKKOWQOKKCH-UHFFFAOYSA-N,3,0,1,0.24,2,2,3,356,13,183,14,11,2,521.2151012,521,356,521.2151012
Cc1ccc(Nc2ccc(Nc3ccc(C)cc3S(=O)(=O)O)c3c2C(=O)c2cccc(O)c2C3=O)c(S(=O)(=O)O)c1,QNCHUVVZYAZOHD-UHFFFAOYSA-N,4,5,9,0.071428571,13,0,6,595,19,359,15,13,2,625.3575561,625,595,625.3575561
CC[n+]1c(CC2C=C(C)N=C(c3ccccc3)N2C)ccc2ccccc12,WNJQWMVHCPGIAR-UHFFFAOYSA-N,3,0,2,0.25,3,2,4,356,13,242,15,7,1,435.1915249,435,356,435.1915249
CC1(C)C(=CC=CC=CC2=[N+](CCCCCC(=O)O)c3ccc(S(=O)(=O)[O-])cc3C2(C)C)N(CCCCCC(=O)[O-])c2ccc(S(=O)(=O)O)cc21,KCJWQEQRJODNIT-UHFFFAOYSA-M,2,2,9,0.432432432,14,2,17,742,17,917,20,16,6,687.2925818,687,742,687.2925818
CC[N+]1=C(C=CC=C2N(CCCCCC(=O)ON3C(=O)CCC3=O)c3ccc(S(=O)(=O)[O-])cc3C2(C)C)C(C)(C)c2cc(S(=O)(=O)O)ccc21,SOVMUUCAZOFIQP-UHFFFAOYSA-N,2,1,10,0.428571429,15,3,12,728,17,413,20,14,4,571.4504641,571,728,571.4504641
CCN1C(=CC=CC=CC2=[N+](CCCCCC(O)=NCCCN=[N+]=[N-])c3ccc(S(=O)(=O)[O-])cc3C2(C)C)C(C)(C)c2cc(S(=O)(=O)O)ccc21,LSISYTNZXRYXJU-UHFFFAOYSA-N,2,2,8,0.444444444,15,2,16,739,17,576,21,16,6,670.1181686,670,739,670.1181686
CN1C(=CC=CC=CC2=[N+](CCCCCC(=O)ON3C(=O)CCC3=O)c3ccc(S(=O)(=O)[O-])cc3C2(C)C)C(C)(C)c2cc(S(=O)(=O)[O-])ccc21,QDXSFIRROAQGSO-UHFFFAOYSA-M,2,0,11,0.388888889,15,3,12,739,19,590,22,16,6,687.1813932,687,739,687.1813932
CCN1C(=CC=CC=CC2=[N+](CCCCCC(O)=NCCc3ccc(O)cc3)c3ccc(S(=O)(=O)[O-])cc3C2(C)C)C(C)(C)c2cc(S(=O)(=O)O)ccc21,NHSJCIBSNKLAMA-UHFFFAOYSA-N,3,3,8,0.365853659,13,2,15,776,19,505,26,16,6,681.8748695,682,776,681.8748695
CC[N+]1=C(C=CC=C2N(CCCCCC(O)=NCCc3ccc(O)cc3)c3ccc(S(=O)(=O)[O-])cc3C2(C)C)C(C)(C)c2cc(S(=O)(=O)O)ccc21,JPXIOSIRIWBDIC-UHFFFAOYSA-N,3,3,8,0.384615385,13,2,14,750,18,658,23,14,4,583.0199584,583,750,583.0199584
Cc1ccc(Nc2ccc(N=Nc3ccc(N=Nc4cccc(S(=O)(=O)[O-])c4)c4ccccc34)c3cccc(S(=O)(=O)[O-])c23)cc1,JLGHRHTZYNYXMD-UHFFFAOYSA-L,6,1,11,0.03030303,13,0,8,650,26,1382,23,20,3,470.1390348,470,650,470.1390348
O=S(=O)([O-])c1cccc(N=Nc2ccc(N=Nc3ccc(Nc4ccccc4)c4c(S(=O)(=O)[O-])cccc34)c3ccccc23)c1,DJRZPZBRKRAGBD-UHFFFAOYSA-L,6,1,11,0.0,13,0,8,636,26,1022,21,20,3,463.9627856,464,636,463.9627856
Cc1ccc(Nc2ccc(Nc3ccc(C)cc3S(=O)(=O)O)c3c2C(=O)c2ccccc2C3=O)c(S(=O)(=O)O)c1,BGBDMEPBLWJCHI-UHFFFAOYSA-N,4,4,8,0.071428571,12,0,6,579,19,639,16,13,2,619.5346989,620,579,619.5346989
O=S(=O)(O)c1cc([O-])c(N=Nc2ccc3ccccc3c2O)c2ccccc12,BRDGZOLJYALNOY-UHFFFAOYSA-M,4,2,6,0.0,8,0,3,393,16,109,11,12,3,481.0879366,481,393,481.0879366
c1ccc2c(c1)C1=Nc3[n-]c(c4ccccc34)N=C3N=C([N-]c4[n-]c(c5ccccc45)[N-]C2=N1)c1ccccc13,VHWVDGHWIJRPMN-UHFFFAOYSA-N,6,0,4,0.0,8,5,0,513,31,160,13,13,0,579.6382267,580,513,579.6382267
Cc1ccc(Nc2ccc(Nc3ccc(C)cc3S(=O)(=O)O)c3c2C(=O)c2c([O-])ccc([O-])c2C3=O)c(S(=O)(=O)O)c1,RDSNLCVUSJLCGP-UHFFFAOYSA-L,4,4,10,0.071428571,14,0,6,609,21,180,14,13,2,626.3217162,626,609,626.3217162
Cc1ccc(Nc2ccc(Nc3ccc(C)cc3S(=O)(=O)[O-])c3c2C(=O)c2ccccc2C3=O)c(S(=O)(=O)[O-])c1,BGBDMEPBLWJCHI-UHFFFAOYSA-L,4,2,10,0.071428571,12,0,6,577,21,310,16,13,2,623.0653351,623,577,623.0653351
Cc1ccc(Nc2ccc(N=Nc3ccc(N=Nc4cccc(S(=O)(=O)O)c4)c4ccccc34)c3cccc(S(=O)(=O)O)c23)cc1,JLGHRHTZYNYXMD-UHFFFAOYSA-N,6,3,9,0.03030303,13,0,8,652,24,957,23,20,3,465.2128123,465,652,465.2128123
O=S(=O)(O)c1cccc(N=Nc2ccc(N=Nc3ccc(Nc4ccccc4)c4c(S(=O)(=O)O)cccc34)c3ccccc23)c1,DJRZPZBRKRAGBD-UHFFFAOYSA-N,6,3,9,0.0,13,0,8,638,24,1497,22,20,3,458.4098601,458,638,458.4098601
CCOc1ccc(Nc2ccc(C(=C3C=CC(=[N+](CC)Cc4cccc(S(=O)(=O)O)c4)C=C3C)c3ccc(N(CC)Cc4cccc(S(=O)(=O)O)c4)cc3C)cc2)cc1,YVNQAIFQFWTPLQ-UHFFFAOYSA-O,5,3,7,0.212765957,12,0,15,833,24,424,25,15,2,584.3783188,584,833,584.3783188
O=S(=O)(O)c1cc(O)c(N=Nc2ccc3ccccc3c2O)c2ccccc12,BRDGZOLJYALNOY-UHFFFAOYSA-N,4,3,6,0.0,8,0,3,394,15,319,15,12,3,455.5467443,456,394,455.5467443
c1ccc2c(c1)C1=NC2=NC2=NC(=NC3=NC(=NC4=NC(=N1)c1ccccc14)c1ccccc13)c1ccccc12,LOWPZDCTVDWTBN-UHFFFAOYSA-N,4,0,8,0.0,8,5,0,513,29,115,13,13,0,615.6999362,616,513,615.6999362
O=S(=O)(O)c1cc(O)c(N=Nc2c(O)ccc3ccccc23)c2ccccc12,ZMLWOOMWRCRLCH-UHFFFAOYSA-N,4,3,6,0.0,8,0,3,394,15,231,14,11,3,462.1730125,462,394,462.1730125
O=S(=O)(O)c1cc(O)c(N=Nc2c([O-])ccc3ccccc23)c2ccccc12,ZMLWOOMWRCRLCH-UHFFFAOYSA-M,4,2,6,0.0,8,0,3,393,16,477,13,11,3,499.205561,499,393,499.205561
O=S(=O)([O-])c1cccc2c(N=Nc3ccc(N=Nc4ccc(Nc5ccccc5)c5c(S(=O)(=O)[O-])cccc45)c4ccccc34)cccc12,JWRKFFQQNVQJLW-UHFFFAOYSA-L,7,1,11,0.0,13,0,8,686,29,838,22,21,3,468.160787,468,686,468.160787
CCOc1ccc(Nc2ccc(C(=C3C=CC(=[N+](CC)Cc4cccc(S(=O)(=O)[O-])c4)C=C3C)c3ccc(N(CC)Cc4cccc(S(=O)(=O)[O-])c4)cc3C)cc2)cc1,YVNQAIFQFWTPLQ-UHFFFAOYSA-M,5,1,9,0.212765957,12,0,15,831,26,397,22,15,2,600.9582254,601,831,600.9582254
O=S(=O)(O)c1cccc2c(N=Nc3ccc(N=Nc4ccc(Nc5ccccc5)c5c(S(=O)(=O)O)cccc45)c4ccccc34)cccc12,JWRKFFQQNVQJLW-UHFFFAOYSA-N,7,3,9,0.0,13,0,8,688,27,1130,23,21,3,478.0842377,478,688,478.0842377
Clc1cc2c(c(Cl)c1Cl)-c1nc3nc(nc4nc(nc5[n-]c([n-]c-2n1)c1c(Cl)c(Cl)c(Cl)c(Cl)c51)-c1c(Cl)c(Cl)c(Cl)c(Cl)c1-4)-c1c(Cl)c(Cl)c(Cl)c(Cl)c1-3,BLMXUSBBCCRYCF-UHFFFAOYSA-N,6,0,6,0.0,23,5,0,1029,30,159,14,13,0,575.8191684,576,1029,575.8191684
Cc1ccc(Nc2ccc([O-])c3c2C(=O)c2ccccc2C3=O)c(S(=O)(=O)O)c1,XXQVCGHGQCAKKA-UHFFFAOYSA-M,3,2,6,0.047619048,8,0,3,408,16,101,11,11,2,611.4386322,611,408,611.4386322
CCOc1ccc(Nc2ccc(C(=C3C=CC(=[N+](CC)Cc4cccc(S(=O)(=O)[O-])c4)C=C3)c3ccc(N(CC)Cc4cccc(S(=O)(=O)[O-])c4)cc3)cc2)cc1,PLVPREXUKUFADG-UHFFFAOYSA-M,5,1,9,0.177777778,12,0,15,803,26,684,23,15,2,608.3945655,608,803,608.3945655
CN(C)c1ccc(C(=C2C=CC(=[N+](C)C)C=C2)c2ccccc2Cl)cc1,PYALRJHHXIQCEI-UHFFFAOYSA-N,2,0,1,0.173913043,3,0,3,364,12,151,14,10,2,624.0604214,624,364,624.0604214
Cc1ccc(Nc2ccc(Nc3ccc(C)cc3)c3c2C(=O)c2ccccc2C3=O)cc1,TVRGPOFMYCMNRB-UHFFFAOYSA-N,4,2,4,0.071428571,4,0,4,419,19,374,16,13,2,637.1699574,637,419,637.1699574
Nc1cc(O)c(O)c2c1C(=O)c1c(O)c(O)cc(N)c1C2=O,XBVUXRZERLDXMU-UHFFFAOYSA-N,2,6,8,0.0,8,0,0,302,11,2510,10,9,1,566.8696526,567,302,566.8696526
O=S(=O)([O-])c1cc([O-])c2c(N=Nc3ccc(Nc4ccccc4)c4c(S(=O)(=O)O)cccc34)cc(S(=O)(=O)[O-])cc2c1,QFVHZQCOUORWEI-UHFFFAOYSA-K,5,2,12,0.0,16,0,7,627,22,603,18,15,3,497.3258983,497,627,497.3258983
Cc1ccc(Nc2ccc(O)c3c2C(=O)c2ccccc2C3=O)c(S(=O)(=O)O)c1,XXQVCGHGQCAKKA-UHFFFAOYSA-N,3,3,6,0.047619048,8,0,3,409,15,233,14,11,2,587.0282913,587,409,587.0282913
CC(C)CCN1C=CC(=Cc2cc[n+](CCC(C)C)c3ccccc23)c2ccccc21,OPYVFVSPWOXGSM-UHFFFAOYSA-N,3,0,1,0.344827586,2,2,7,412,13,564,18,10,2,522.5700093,523,412,522.5700093
O=S(=O)(O)c1cc(O)c2c(N=Nc3ccc(Nc4ccccc4)c4c(S(=O)(=O)O)cccc34)cc(S(=O)(=O)O)cc2c1,QFVHZQCOUORWEI-UHFFFAOYSA-N,5,5,10,0.0,16,0,7,630,19,570,16,15,3,434.0651111,434,630,434.0651111
CCN1C(=CC(C)=Cc2sc3ccccc3[n+]2CC)Sc2ccccc21,DGBHUSPLAMIWPQ-UHFFFAOYSA-N,3,0,3,0.227272727,4,2,4,380,12,421,16,13,4,512.3941225,512,380,512.3941225
CCN1C(=CC=C2CCCC(C=CC3=[N+](CC)c4ccccc4C3(C)C)=C2Cl)C(C)(C)c2ccccc21,CIGDKFCYUOGCBY-UHFFFAOYSA-N,2,0,1,0.382352941,3,2,5,512,15,745,18,18,3,771.1382309,771,512,771.1382309
CN1C(=CC=C2CCCC(C=CC3=[N+](C)c4ccccc4C3(C)C)=C2Cl)C(C)(C)c2ccccc21,GDIYMWAMJKRXRE-UHFFFAOYSA-N,2,0,1,0.34375,3,2,3,484,15,1863,21,18,3,779.5382687,780,484,779.5382687
CC1=NN(c2ccc(S(=O)(=O)O)cc2)C(=O)C1N=Nc1ccc(C)c(S(=O)(=O)Nc2ccccc2)c1,DNNYNDQWWWDTPP-UHFFFAOYSA-N,3,2,8,0.130434783,13,1,7,528,16,464,19,6,2,382.7523168,383,528,382.7523168
Nc1cc(S(=O)(=O)O)c([O-])c2c1C(=O)c1c([O-])c(S(=O)(=O)O)cc(N)c1C2=O,MVWQCFNJWMLYDF-UHFFFAOYSA-L,2,4,10,0.0,14,0,2,428,13,190,12,7,1,594.0081087,594,428,594.0081087
O=C1c2c(O)cc(O)c(O)c2C(=O)c2c(O)c(O)cc(O)c21,NEVTZWLESVDYDA-UHFFFAOYSA-N,2,6,8,0.0,8,0,0,304,11,45800000000,10,8,1,518.1680786,518,304,518.1680786
CC[N+]1=C(C=CC=C2N(CCCCCC(=O)[O-])c3ccc(S(=O)(=O)[O-])cc3C2(C)C)C(C)(C)c2cc(S(=O)(=O)O)ccc21,YDNYBBRGPORVRT-UHFFFAOYSA-M,2,1,8,0.419354839,12,2,11,630,15,520,20,14,4,579.6128019,580,630,579.6128019
CC[N+]1=C(C=CC=C2N(CCCCCC(=O)ON3C(=O)CCC3=O)c3ccc(S(=O)(=O)[O-])cc3C2(C)C)C(C)(C)c2cc(S(=O)(=O)[O-])ccc21,SOVMUUCAZOFIQP-UHFFFAOYSA-M,2,0,11,0.428571429,15,3,12,727,18,279,18,14,4,576.0110363,576,727,576.0110363
CC1(C)C(=CC=CC2=[N+](CCCCCC(=O)[O-])c3ccc(S(=O)(=O)O)cc3C2(C)C)N(CCCCCC(=O)O)c2ccc(S(=O)(=O)[O-])cc21,AYFNGAVPORGJOD-UHFFFAOYSA-M,2,2,9,0.457142857,14,2,16,716,16,1699,19,14,4,584.1068883,584,716,584.1068883
CCN1C(=CC=CC=CC2=[N+](CCCCCC(=O)ON3C(=O)CCC3=O)c3ccc(S(=O)(=O)[O-])cc3C2(C)C)C(C)(C)c2cc(S(=O)(=O)[O-])ccc21,WXWLHDCCGVWTDZ-UHFFFAOYSA-M,2,0,11,0.405405405,15,3,13,753,19,525,21,16,6,686.4277967,686,753,686.4277967
CCN1C(=CC=C2CCCC(C=CC3=[N+](CC)c4ccc(S(=O)(=O)O)cc4C3(C)C)=C2Cl)C(C)(C)c2cc(S(=O)(=O)[O-])ccc21,PENBAKBZXVOVJL-UHFFFAOYSA-N,2,1,6,0.382352941,11,2,7,671,16,2089,23,18,3,790.755216,791,671,790.755216
O=S(=O)([O-])c1ccc(N=Nc2c([O-])ccc3cccc(S(=O)(=O)O)c23)c2ccccc12,YQTZTEYXOZEDSY-UHFFFAOYSA-L,4,1,8,0.0,11,0,4,456,17,246,13,11,3,506.4731567,506,456,506.4731567
CN(C)c1ccc(C(=C2C=CC(=[N+](C)C)C=C2)c2ccc(N(Cc3ccccc3)Cc3cccc(S(=O)(=O)O)c3)cc2)c(S(=O)(=O)O)c1,PCDMOSXRPCKDLJ-UHFFFAOYSA-O,4,2,6,0.162162162,11,0,10,685,20,698,18,10,2,609.8841871,610,685,609.8841871
CN(C)c1ccc(C(=C2C=CC(=[N+](C)C)C=C2)c2ccc(N(C)Cc3cccc(S(=O)(=O)O)c3)cc2)cc1S(=O)(=O)O,DCTXQQVUQIODBO-UHFFFAOYSA-O,3,2,6,0.193548387,11,0,8,609,16,456,19,10,2,606.1142112,606,609,606.1142112
CC1=NN(c2ccccc2)C(=O)C1N=Nc1ccc(-c2ccc(N=NC3C(=O)N(c4ccccc4)N=C3C)cc2S(=O)(=O)[O-])c(S(=O)(=O)[O-])c1,WBBRXOTXXGMTND-UHFFFAOYSA-L,4,0,14,0.125,18,2,9,713,26,1036,25,11,2,412.6050194,413,713,412.6050194
O=S(=O)(O)c1cc(N=Nc2c([O-])ccc3ccccc23)ccc1-c1ccc(N=Nc2c([O-])ccc3ccccc23)cc1S(=O)(=O)O,CPERTUHFXCKOES-UHFFFAOYSA-L,6,2,10,0.0,14,0,7,653,26,1690,22,21,3,471.2813809,471,653,471.2813809
Cc1cc(C2(c3cc(C)c(O)c(C(=O)O)c3)OS(=O)(=O)c3ccccc32)cc(C(=O)O)c1O,LGKSNCHFKPHIJM-UHFFFAOYSA-N,3,4,7,0.130434783,10,1,4,470,15,89,12,5,2,378.8107249,379,470,378.8107249
COc1cc2c3c(ccc4c5c(OC)cc6c7c(ccc(c1c34)c57)C(=O)c1ccccc1-6)C(=O)c1ccccc1-2,QAYWRCZPILDEGZ-UHFFFAOYSA-N,7,0,4,0.055555556,4,0,2,517,27,479,18,15,1,515.0120439,515,517,515.0120439
CC1(C)C(=CC=CC2=[N+](CCCCCC(=O)O)c3ccc(S(=O)(=O)O)cc3C2(C)C)N(CCCCCC(=O)O)c2ccc(S(=O)(=O)O)cc21,AYFNGAVPORGJOD-UHFFFAOYSA-O,2,4,7,0.457142857,14,2,16,718,14,779,21,14,4,578.9083977,579,718,578.9083977
CC1=C/C(=C(/c2cccc(S(=O)(=O)O)c2)c2cc(C)c(O)c(C(=O)O)c2)C=C(C(=O)O)C1=O,NBSHSIJNFTUXBU-XDJHFCHBSA-N,2,4,6,0.086956522,10,0,5,470,15,92,12,10,2,433.2250465,433,470,433.2250465
CN1C(=CC=Cc2[o+]c3ccccc3n2C)Oc2ccccc21,XLKQLIAYDLMVLG-UHFFFAOYSA-N,3,0,3,0.105263158,4,2,2,305,12,306,15,12,4,485.5844827,486,305,485.5844827
Cc1cc(C=Cc2ccc3cc(N(C)C)ccc3[n+]2C)c(C)n1-c1ccccc1,QMHSXPLYMTVAMK-UHFFFAOYSA-N,4,0,2,0.192307692,3,2,4,383,14,179,12,15,3,494.4049092,494,383,494.4049092
CC1=NN(c2ccc(S(=O)(=O)[O-])cc2)C(=O)C1N=Nc1ccc(C)c(S(=O)(=O)Nc2ccccc2)c1,DNNYNDQWWWDTPP-UHFFFAOYSA-M,3,1,9,0.130434783,13,1,7,527,17,524,19,6,2,381.0175156,381,527,381.0175156
O=S(=O)([O-])c1cccc2c1-c1nc3nc(nc4nc(nc5[n-]c([n-]c-2n1)c1cccc(S(=O)(=O)[O-])c51)-c1ccccc1-4)-c1ccccc1-3,JNEOISBNQDOISL-UHFFFAOYSA-L,6,0,12,0.0,16,5,2,671,32,239,16,13,0,514.0788339,514,671,514.0788339
CC1(C)Oc2cc3c(cc2O1)-c1nc-3nc2nc([nH]c3nc(nc4[nH]c(n1)c1cc5c(cc41)OC(C)(C)O5)-c1cc4c(cc1-3)OC(C)(C)O4)-c1cc3c(cc1-2)OC(C)(C)O3,ARFYCKIDVNOKST-UHFFFAOYSA-N,6,2,14,0.272727273,16,9,0,803,32,378,20,15,0,568.5474877,569,803,568.5474877
Nc1ccc([O-])c2c1C(=O)c1c(O)c(S(=O)(=O)O)cc(N)c1C2=O,SPHQXPPVJCWUGX-UHFFFAOYSA-M,2,4,8,0.0,10,0,1,349,12,246,11,7,1,626.2657202,626,349,626.2657202
Nc1cc(S(=O)(=O)O)c(O)c2c1C(=O)c1c(O)c(S(=O)(=O)O)cc(N)c1C2=O,MVWQCFNJWMLYDF-UHFFFAOYSA-N,2,6,10,0.0,14,0,2,430,11,413,14,7,1,555.3516738,555,430,555.3516738
CC1=C/C(=C(\c2cc(C)c([O-])c(C(=O)[O-])c2)c2ccccc2S(=O)(=O)O)C=C(C(=O)[O-])C1=O,KXOWVZNVTQLQPD-RGEXLXHISA-K,2,1,8,0.086956522,10,0,5,467,18,115,11,10,2,475.1569022,475,467,475.1569022
CCN1C(=Cc2sc3ccccc3[n+]2C)C=Cc2ccccc21,FSOAORRRECZDNM-UHFFFAOYSA-N,3,0,2,0.15,3,2,2,319,12,187,14,11,2,508.4858543,508,319,508.4858543
CCN(Cc1cccc(S(=O)(=O)[O-])c1)c1ccc(C(=C2C=CC(=[N+](C)C)C=C2)c2ccc(N(C)C)cc2)c(S(=O)(=O)[O-])c1,CXNNGVUGAQWNGE-UHFFFAOYSA-M,3,0,8,0.21875,11,0,9,621,18,439,18,10,2,633.3920131,633,621,633.3920131
CCN(Cc1cccc(S(=O)(=O)O)c1)c1ccc(C(=C2C=CC(=[N+](C)C)C=C2)c2ccc(N(C)C)cc2)c(S(=O)(=O)O)c1,CXNNGVUGAQWNGE-UHFFFAOYSA-O,3,2,6,0.21875,11,0,9,623,16,412,19,10,2,618.9312462,619,623,618.9312462
Nc1c(S(=O)(=O)[O-])cc(NC2CCCCC2)c2c1C(=O)c1ccccc1C2=O,GMBNNHLANOGOAU-UHFFFAOYSA-M,2,2,7,0.3,8,0,3,399,13,182,13,7,1,605.1303095,605,399,605.1303095
CCN1C(=CC=CC=CC2=[N+](CCCCCC(=O)O)c3ccc(S(=O)(=O)[O-])cc3C2(C)C)C(C)(C)c2cc(S(=O)(=O)O)ccc21,HPICMEGAGMPYID-UHFFFAOYSA-N,2,2,7,0.393939394,12,2,12,657,15,665,20,16,6,684.1687049,684,657,684.1687049
COc1ccc(C(OCCCN2C(=CC=CC=CC3=[N+](CCCOP(OCCC#N)N(C(C)C)C(C)C)c4ccccc4C3(C)C)C(C)(C)c3ccccc32)(c2ccccc2)c2ccccc2)cc1,WQVYZWOFBGLVGB-UHFFFAOYSA-N,5,0,7,0.366666667,9,2,23,944,27,1234,28,16,6,630.6343537,631,944,630.6343537
CC[N+]1=C(C=CC=CC=CC=C2N(CCCCCC(=O)ON3C(=O)CCC3=O)c3ccc(S(=O)(=O)[O-])cc3C2(C)C)C(C)(C)c2cc(S(=O)(=O)O)ccc21,ROGODJHHEBREAB-UHFFFAOYSA-N,2,1,10,0.384615385,15,3,14,780,19,666,24,18,8,754.3289741,754,780,754.3289741
c1ccc2c(c1)-c1nc-2nc2[nH]c(nc3nc([n-]c4nc(n1)-c1ccccc1-4)-c1ccccc1-3)c1ccccc21,YSZJMRCSMGEWDG-UHFFFAOYSA-N,6,1,6,0.0,8,5,0,514,29,17337,16,13,0,515.5920127,516,514,515.5920127
CCN1C(=CC=CC=CC2=[N+](CCCCCC(=O)ON3C(=O)CCC3=O)c3ccc(S(=O)(=O)[O-])cc3C2(C)C)C(C)(C)c2cc(S(=O)(=O)O)ccc21,WXWLHDCCGVWTDZ-UHFFFAOYSA-N,2,1,10,0.405405405,15,3,13,754,18,955,25,16,6,675.2504235,675,754,675.2504235
C#CCN=C([O-])CCCCC[N+]1=C(C=CC=CC=C2N(C)c3ccccc3C2(C)C)C(C)(C)c2ccccc21,AYVUBCDPIPUAPY-UHFFFAOYSA-N,2,0,3,0.371428571,4,2,10,520,17,276,18,16,6,641.4051646,641,520,641.4051646
CCN1c2ccccc2C=C/C1=C/c1[n+](CC)c2ccccc2cc1,AGJZCWVTGOVGBS-UHFFFAOYSA-N,3,0,1,0.173913043,2,2,3,327,13,122,14,12,2,496.6288721,497,327,496.6288721
CCN1c2ccccc2S/C1=C\C=C\c1[n+](CC)c2ccccc2o1,CGMUVVDKGKQWHC-UHFFFAOYSA-N,3,0,3,0.19047619,4,2,4,349,12,586,16,13,4,504.0891091,504,349,504.0891091
CCN1C=C/C(=C\c2[n+](CC)c3ccccc3cc2)c2ccccc21,CJRNTVYQEXDVCB-UHFFFAOYSA-N,3,0,1,0.173913043,2,2,3,327,13,263,14,11,2,540.8187202,541,327,540.8187202
CCN1c2ccccc2O/C1=C\C=C/C=C\C=C\c1[n+](CC)c2ccccc2cc1,CKDJYLWILGWPSZ-UHFFFAOYSA-N,3,0,2,0.148148148,3,2,6,396,15,1569,20,17,8,710.5335829,711,396,710.5335829
CCN1c2ccccc2O/C1=C\C=C/c1cc[n+](CC)c2ccccc12,COUGSHBDUFTYFC-UHFFFAOYSA-N,3,0,2,0.173913043,3,2,4,343,13,220,15,12,4,543.3773732,543,343,543.3773732
CCN1c2ccccc2S/C1=C\C=C\c1cc[n+](CC)c2ccccc12,DJAQPUXEDANWNL-UHFFFAOYSA-N,3,0,2,0.173913043,3,2,4,360,13,479,16,13,4,582.169867,582,360,582.169867
CCN1C=C/C(=C/c2[n+](CC)c3ccccc3o2)c2ccccc21,FDTNKKIOSYITHD-UHFFFAOYSA-N,3,0,2,0.19047619,3,2,3,317,12,100,13,10,2,487.2962515,487,317,487.2962515
CCN1c2ccccc2S/C1=C\C=C/C=C\c1[n+](CC)c2ccccc2s1,FYXWDSGGZAMYFZ-UHFFFAOYSA-N,3,0,3,0.173913043,4,2,5,392,13,550,17,15,6,635.0695185,635,392,635.0695185
CCN1c2ccccc2C=C/C1=C\C=C/c1[n+](CC)c2ccccc2cc1,HQCBCYUEDZNVBO-UHFFFAOYSA-N,3,0,1,0.16,2,2,4,353,14,224,15,14,4,602.000594,602,353,602.000594
CCN1c2ccccc2C=C/C1=C\C=C\C=C/c1[n+](CC)c2ccccc2cc1,HUKKJPBJMKANKC-UHFFFAOYSA-N,3,0,1,0.148148148,2,2,5,380,15,344,16,16,6,708.7291289,709,380,708.7291289
CCN1c2ccccc2S/C1=C\C=C/C=C/c1[n+](CC)c2ccccc2cc1,ICQLMXQDTPECJU-UHFFFAOYSA-N,3,0,2,0.16,3,2,5,386,14,338,18,16,6,666.245839,666,386,666.245839
CCN1c2ccccc2S/C1=C\C=C\c1[n+](CC)c2ccccc2s1,JGLWGLKNDHZFAP-UHFFFAOYSA-N,3,0,3,0.19047619,4,2,4,366,12,338,16,13,4,558.8170558,559,366,558.8170558
CCN1c2ccccc2O/C1=C\C=C/C=C\C=C/c1[n+](CC)c2ccccc2s1,KKFSTMHKQKXIPU-UHFFFAOYSA-N,3,0,3,0.16,4,2,6,402,14,438,19,16,8,669.226343,669,402,669.226343
CCN1c2ccccc2S/C1=C\C=C/C=C\c1cc[n+](CC)c2ccccc12,LDIURJODNUMFCD-UHFFFAOYSA-N,3,0,2,0.16,3,2,5,386,14,642,18,15,6,660.5633786,661,386,660.5633786
CCN1c2ccccc2S/C1=C\C=C/C=C\c1[n+](CC)c2ccccc2o1,LPLCWEKDGKZACI-UHFFFAOYSA-N,3,0,3,0.173913043,4,2,5,376,13,727,17,15,6,610.826107,611,376,610.826107
CCN1C=C/C(=C\C=C/C=C/c2cc[n+](CC)c3ccccc23)c2ccccc21,MLENNECRNUHQQS-UHFFFAOYSA-N,3,0,1,0.148148148,2,2,5,380,15,469,17,14,6,758.571887,759,380,758.571887
CCN1c2ccccc2C=C/C1=C\C=C\C=C\c1cc[n+](CC)c2ccccc12,NNPJVUBHKCZPII-UHFFFAOYSA-N,3,0,1,0.148148148,2,2,5,380,15,1332,18,15,6,734.2631114,734,380,734.2631114
CCN1c2ccccc2C=C/C1=C\C=C\C=C\C=C\c1[n+](CC)c2ccccc2s1,OKFVOTSYAZGOPA-UHFFFAOYSA-N,3,0,2,0.148148148,3,2,6,412,15,1422,21,17,8,767.1690427,767,412,767.1690427
CCN1C=C/C(=C\C=C/C=C\C=C/c2cc[n+](CC)c3ccccc23)c2ccccc21,OLZAYSQTVGLQDQ-UHFFFAOYSA-N,3,0,1,0.137931034,2,2,6,406,16,570,19,16,8,782.6912098,783,406,782.6912098
CCN1c2ccccc2C=C/C1=C\C=C\c1cc[n+](CC)c2ccccc12,ONKAXOHRKIYFDJ-UHFFFAOYSA-N,3,0,1,0.16,2,2,4,353,14,493,17,13,4,623.8562092,624,353,623.8562092
CCN1c2ccccc2C=C/C1=C\C=C\C=C\c1[n+](CC)c2ccccc2o1,OOAUUXKHPBKQDP-UHFFFAOYSA-N,3,0,2,0.16,3,2,5,369,14,1175,18,15,6,634.384871,634,369,634.384871
CCN1c2ccccc2C=C/C1=C\C=C\C=C\C=C\c1cc[n+](CC)c2ccccc12,OWYFZVWJTBJIIS-UHFFFAOYSA-N,3,0,1,0.137931034,2,2,6,406,16,2290,21,17,8,782.901066,783,406,782.901066
CCN1C=C/C(=C/c2cc[n+](CC)c3ccccc23)c2ccccc21,PBYSOAALDIVUSK-UHFFFAOYSA-N,3,0,1,0.173913043,2,2,3,327,13,217,13,10,2,535.7659142,536,327,535.7659142
CCN1c2ccccc2C=C/C1=C\C=C\C=C\C=C/c1[n+](CC)c2ccccc2cc1,PCMCPHHEWAWVOE-UHFFFAOYSA-N,3,0,1,0.137931034,2,2,6,406,16,527,19,18,8,788.0670994,788,406,788.0670994
CCN1c2ccccc2O/C1=C\C=C/C=C/c1cc[n+](CC)c2ccccc12,QQWIIVKRRBJCBB-UHFFFAOYSA-N,3,0,2,0.16,3,2,5,369,14,399,18,14,6,650.0394615,650,369,650.0394615
CCN1c2ccccc2C=C/C1=C\C=C\c1[n+](CC)c2ccccc2o1,QUZOOPRJWZTRMY-UHFFFAOYSA-N,3,0,2,0.173913043,3,2,4,343,13,680,16,13,4,535.1368661,535,343,535.1368661
CCN1c2ccccc2O/C1=C\c1[n+](CC)c2ccccc2cc1,RCVUTZHFPPLMTK-UHFFFAOYSA-N,3,0,2,0.19047619,3,2,3,317,12,161,13,11,2,475.4349449,475,317,475.4349449
CCN1C=C/C(=C/c2[n+](CC)c3ccccc3s2)c2ccccc21,SFTZBFQWPQDHFP-UHFFFAOYSA-N,3,0,2,0.19047619,3,2,3,333,12,109,13,10,2,538.1596172,538,333,538.1596172
CCN1c2ccccc2O/C1=C/c1[n+](CC)c2ccccc2o1,SXJYGDWAGOIGMC-UHFFFAOYSA-N,3,0,3,0.210526316,4,2,3,307,11,112,13,10,2,436.225033,436,307,436.225033
C/C=C1\C(=C)C=C/C(=C\C=C\c2[n+](CC)c3ccccc3s2)N1CC,TVEQOZDZLORQGM-PTXOJBNSSA-N,2,0,2,0.227272727,3,2,4,350,11,326,16,12,4,605.5739169,606,350,605.5739169
CCN1C=C/C(=C\C=C/c2cc[n+](CC)c3ccccc23)c2ccccc21,TVRUNVZRBXNONE-UHFFFAOYSA-N,3,0,1,0.16,2,2,4,353,14,183,14,12,4,658.1491508,658,353,658.1491508
CCN1c2ccccc2S/C1=C\C=C/C=C\C=C\c1cc[n+](CC)c2ccccc12,TWHSTEAIMSNAOL-UHFFFAOYSA-N,3,0,2,0.148148148,3,2,6,412,15,1124,20,17,8,732.0604502,732,412,732.0604502
CCN1c2ccccc2S/C1=C\c1[n+](CC)c2ccccc2cc1,UJCNDPYFYMAVSQ-UHFFFAOYSA-N,3,0,2,0.19047619,3,2,3,333,12,211,14,12,2,495.8413006,496,333,495.8413006
CCN1c2ccccc2S/C1=C\C=C/C=C\C=C\c1[n+](CC)c2ccccc2s1,UMTQICYFVVKJFV-UHFFFAOYSA-N,3,0,3,0.16,4,2,6,418,14,1294,20,17,8,687.8796607,688,418,687.8796607
CCN1c2ccccc2O/C1=C\C=C/C=C/c1[n+](CC)c2ccccc2o1,VAGJCLDZLVQVPR-UHFFFAOYSA-N,3,0,3,0.173913043,4,2,5,359,13,898,17,14,6,592.8840882,593,359,592.8840882
CCN1c2ccccc2O/C1=C\C=C/c1[n+](CC)c2ccccc2o1,VZUFSMBGWBLOCB-UHFFFAOYSA-N,3,0,3,0.19047619,4,2,4,333,12,173,14,12,4,465.7975411,466,333,465.7975411
CCN1c2ccccc2S/C1=C/c1[n+](CC)c2ccccc2s1,WCJHMNADZOKGGL-UHFFFAOYSA-N,3,0,3,0.210526316,4,2,3,340,11,113,13,11,2,508.1136245,508,340,508.1136245
CCN1c2ccccc2O/C1=C/c1[n+](CC)c2ccccc2s1,XNZUELXWWBKRLE-UHFFFAOYSA-N,3,0,3,0.210526316,4,2,3,323,11,114,13,10,2,480.1722106,480,323,480.1722106
CCN1c2ccccc2S/C1=C\C=C/c1[n+](CC)c2ccccc2cc1,XTSHHMSLNDHACR-UHFFFAOYSA-N,3,0,2,0.173913043,3,2,4,360,13,192,15,14,4,563.6740754,564,360,563.6740754
CCN1c2ccccc2O/C1=C\C=C/C=C\C=C/c1[n+](CC)c2ccccc2o1,YFMAIXBXQGUOBW-UHFFFAOYSA-N,3,0,3,0.16,4,2,6,385,14,1305,19,16,8,636.5643597,637,385,636.5643597
CCN1c2ccccc2O/C1=C\C=C/C=C\C=C/c1cc[n+](CC)c2ccccc12,YGOJAHFWSNHIIB-UHFFFAOYSA-N,3,0,2,0.148148148,3,2,6,396,15,738,20,16,8,698.3484913,698,396,698.3484913
C=C1N(CC)/C(=C/C=C\c2[n+](CC)c3ccccc3s2)OC1=C,YHKSRKKRTTTZQQ-UHFFFAOYSA-N,2,0,3,0.210526316,4,2,4,325,10,155,13,11,4,535.2773917,535,325,535.2773917
CCN1C(=Cc2cc(C)nc(-c3ccccc3)[n+]2C)C=Cc2ccccc21,UBRISJAVIYTNDW-UHFFFAOYSA-N,3,0,2,0.166666667,3,2,3,354,14,233,14,13,2,425.0321404,425,354,425.0321404
